{"interfaceLanguages":{"swift":[{"children":[{"title":"Classes","type":"groupMarker"},{"children":[{"title":"Initializers","type":"groupMarker"},{"path":"\/documentation\/presentationexam\/allviewcontroller\/init(coder:)","title":"init?(coder: NSCoder)","type":"init"},{"path":"\/documentation\/presentationexam\/allviewcontroller\/init(topinset:)","title":"init(topInset: CGFloat)","type":"init"},{"title":"Instance Properties","type":"groupMarker"},{"path":"\/documentation\/presentationexam\/allviewcontroller\/blurviewtopinset","title":"var blurViewTopInset: CGFloat","type":"property"},{"path":"\/documentation\/presentationexam\/allviewcontroller\/collectionview","title":"var collectionView: UICollectionView","type":"property"},{"path":"\/documentation\/presentationexam\/allviewcontroller\/delegate","title":"var delegate: SOOPBaseEventHandler?","type":"property"},{"title":"Instance Methods","type":"groupMarker"},{"path":"\/documentation\/presentationexam\/allviewcontroller\/viewdidload()","title":"func viewDidLoad()","type":"method"},{"title":"Enumerations","type":"groupMarker"},{"children":[{"title":"Enumeration Cases","type":"groupMarker"},{"path":"\/documentation\/presentationexam\/allviewcontroller\/alltextmenu\/all","title":"case all","type":"case"},{"path":"\/documentation\/presentationexam\/allviewcontroller\/alltextmenu\/bora","title":"case bora","type":"case"},{"path":"\/documentation\/presentationexam\/allviewcontroller\/alltextmenu\/game","title":"case game","type":"case"},{"path":"\/documentation\/presentationexam\/allviewcontroller\/alltextmenu\/sports","title":"case sports","type":"case"},{"title":"Initializers","type":"groupMarker"},{"path":"\/documentation\/presentationexam\/allviewcontroller\/alltextmenu\/init(rawvalue:)","title":"init?(rawValue: Int)","type":"init"},{"title":"Instance Properties","type":"groupMarker"},{"path":"\/documentation\/presentationexam\/allviewcontroller\/alltextmenu\/title","title":"var title: String","type":"property"},{"title":"Type Properties","type":"groupMarker"},{"path":"\/documentation\/presentationexam\/allviewcontroller\/alltextmenu\/chipmenuheight","title":"static let chipMenuHeight: CGFloat","type":"property"},{"title":"Default Implementations","type":"groupMarker"},{"children":[{"title":"Operators","type":"groupMarker"},{"path":"\/documentation\/presentationexam\/allviewcontroller\/alltextmenu\/!=(_:_:)","title":"static func != (Self, Self) -> Bool","type":"op"}],"path":"\/documentation\/presentationexam\/allviewcontroller\/alltextmenu\/equatable-implementations","title":"Equatable Implementations","type":"symbol"},{"children":[{"title":"Instance Properties","type":"groupMarker"},{"path":"\/documentation\/presentationexam\/allviewcontroller\/alltextmenu\/hashvalue","title":"var hashValue: Int","type":"property"},{"title":"Instance Methods","type":"groupMarker"},{"path":"\/documentation\/presentationexam\/allviewcontroller\/alltextmenu\/hash(into:)","title":"func hash(into: inout Hasher)","type":"method"}],"path":"\/documentation\/presentationexam\/allviewcontroller\/alltextmenu\/rawrepresentable-implementations","title":"RawRepresentable Implementations","type":"symbol"}],"path":"\/documentation\/presentationexam\/allviewcontroller\/alltextmenu","title":"AllViewController.AllTextMenu","type":"enum"},{"title":"Default Implementations","type":"groupMarker"},{"children":[{"title":"Instance Methods","type":"groupMarker"},{"path":"\/documentation\/presentationexam\/allviewcontroller\/collectionview(_:cellforitemat:)","title":"func collectionView(UICollectionView, cellForItemAt: IndexPath) -> UICollectionViewCell","type":"method"},{"path":"\/documentation\/presentationexam\/allviewcontroller\/collectionview(_:numberofitemsinsection:)","title":"func collectionView(UICollectionView, numberOfItemsInSection: Int) -> Int","type":"method"}],"path":"\/documentation\/presentationexam\/allviewcontroller\/uicollectionviewdatasource-implementations","title":"UICollectionViewDataSource Implementations","type":"symbol"},{"children":[{"title":"Instance Methods","type":"groupMarker"},{"path":"\/documentation\/presentationexam\/allviewcontroller\/collectionview(_:didselectitemat:)","title":"func collectionView(UICollectionView, didSelectItemAt: IndexPath)","type":"method"}],"path":"\/documentation\/presentationexam\/allviewcontroller\/uicollectionviewdelegate-implementations","title":"UICollectionViewDelegate Implementations","type":"symbol"},{"children":[{"title":"Instance Methods","type":"groupMarker"},{"path":"\/documentation\/presentationexam\/allviewcontroller\/scrollviewdidscroll(_:)","title":"func scrollViewDidScroll(UIScrollView)","type":"method"},{"path":"\/documentation\/presentationexam\/allviewcontroller\/scrollviewdidscrolltotop(_:)","title":"func scrollViewDidScrollToTop(UIScrollView)","type":"method"}],"path":"\/documentation\/presentationexam\/allviewcontroller\/uiscrollviewdelegate-implementations","title":"UIScrollViewDelegate Implementations","type":"symbol"}],"path":"\/documentation\/presentationexam\/allviewcontroller","title":"AllViewController","type":"class"},{"children":[{"title":"Instance Methods","type":"groupMarker"},{"path":"\/documentation\/presentationexam\/appdelegate\/application(_:configurationforconnecting:options:)","title":"func application(UIApplication, configurationForConnecting: UISceneSession, options: UIScene.ConnectionOptions) -> UISceneConfiguration","type":"method"},{"path":"\/documentation\/presentationexam\/appdelegate\/application(_:diddiscardscenesessions:)","title":"func application(UIApplication, didDiscardSceneSessions: Set<UISceneSession>)","type":"method"},{"path":"\/documentation\/presentationexam\/appdelegate\/application(_:didfinishlaunchingwithoptions:)","title":"func application(UIApplication, didFinishLaunchingWithOptions: [UIApplication.LaunchOptionsKey : Any]?) -> Bool","type":"method"},{"title":"Default Implementations","type":"groupMarker"},{"children":[{"title":"Type Methods","type":"groupMarker"},{"path":"\/documentation\/presentationexam\/appdelegate\/main()","title":"static func main()","type":"method"}],"path":"\/documentation\/presentationexam\/appdelegate\/uiapplicationdelegate-implementations","title":"UIApplicationDelegate Implementations","type":"symbol"}],"path":"\/documentation\/presentationexam\/appdelegate","title":"AppDelegate","type":"class"},{"children":[{"title":"Initializers","type":"groupMarker"},{"path":"\/documentation\/presentationexam\/blurnavigationview\/init(coder:)","title":"init?(coder: NSCoder)","type":"init"},{"path":"\/documentation\/presentationexam\/blurnavigationview\/init(type:target:)","title":"init(type: NavigationViewType, target: UIViewController?)","type":"init"},{"title":"Instance Properties","type":"groupMarker"},{"path":"\/documentation\/presentationexam\/blurnavigationview\/ishiddeninscrolling","title":"var isHiddenInScrolling: Bool","type":"property"},{"path":"\/documentation\/presentationexam\/blurnavigationview\/title","title":"var title: String?","type":"property"},{"title":"Instance Methods","type":"groupMarker"},{"path":"\/documentation\/presentationexam\/blurnavigationview\/didscroll(scrollview:)","title":"func didScroll(scrollView: UIScrollView)","type":"method"},{"path":"\/documentation\/presentationexam\/blurnavigationview\/didscrolltotop()","title":"func didScrollToTop()","type":"method"},{"title":"Enumerations","type":"groupMarker"},{"children":[{"title":"Enumeration Cases","type":"groupMarker"},{"path":"\/documentation\/presentationexam\/blurnavigationview\/navigationareavisiblestate\/entire","title":"case entire","type":"case"},{"path":"\/documentation\/presentationexam\/blurnavigationview\/navigationareavisiblestate\/lessthanhalf","title":"case lessThanHalf","type":"case"},{"path":"\/documentation\/presentationexam\/blurnavigationview\/navigationareavisiblestate\/morethanhalf","title":"case moreThanHalf","type":"case"},{"path":"\/documentation\/presentationexam\/blurnavigationview\/navigationareavisiblestate\/none","title":"case none","type":"case"},{"title":"Default Implementations","type":"groupMarker"},{"children":[{"title":"Operators","type":"groupMarker"},{"path":"\/documentation\/presentationexam\/blurnavigationview\/navigationareavisiblestate\/!=(_:_:)","title":"static func != (Self, Self) -> Bool","type":"op"}],"path":"\/documentation\/presentationexam\/blurnavigationview\/navigationareavisiblestate\/equatable-implementations","title":"Equatable Implementations","type":"symbol"}],"path":"\/documentation\/presentationexam\/blurnavigationview\/navigationareavisiblestate","title":"BlurNavigationView.NavigationAreaVisibleState","type":"enum"},{"title":"Default Implementations","type":"groupMarker"},{"children":[{"title":"Instance Properties","type":"groupMarker"},{"path":"\/documentation\/presentationexam\/blurnavigationview\/barheight","title":"var barHeight: CGFloat","type":"property"},{"title":"Instance Methods","type":"groupMarker"},{"path":"\/documentation\/presentationexam\/blurnavigationview\/addcustomview(of:height:)","title":"func addCustomView(of: UIView, height: CGFloat)","type":"method"},{"path":"\/documentation\/presentationexam\/blurnavigationview\/registerscrollview(_:)","title":"func registerScrollView(Weak<UIScrollView>)","type":"method"},{"path":"\/documentation\/presentationexam\/blurnavigationview\/removecustomview(of:)","title":"func removeCustomView(of: UIView)","type":"method"},{"path":"\/documentation\/presentationexam\/blurnavigationview\/sethiddennavigation(_:scrollview:)","title":"func setHiddenNavigation(Bool, scrollView: UIScrollView?)","type":"method"}],"path":"\/documentation\/presentationexam\/blurnavigationview\/blurviewlistener-implementations","title":"BlurViewListener Implementations","type":"symbol"}],"path":"\/documentation\/presentationexam\/blurnavigationview","title":"BlurNavigationView","type":"class"},{"children":[{"title":"Default Implementations","type":"groupMarker"},{"children":[{"title":"Instance Properties","type":"groupMarker"},{"path":"\/documentation\/presentationexam\/blurnavigationviewcontroller\/blurnavigationview","title":"var blurNavigationView: BlurViewListener?","type":"property"},{"title":"Instance Methods","type":"groupMarker"},{"path":"\/documentation\/presentationexam\/blurnavigationviewcontroller\/make(type:)","title":"func make(type: NavigationViewType)","type":"method"}],"path":"\/documentation\/presentationexam\/blurnavigationviewcontroller\/blurnavigationviewpresentable-implementations","title":"BlurNavigationViewPresentable Implementations","type":"symbol"}],"path":"\/documentation\/presentationexam\/blurnavigationviewcontroller","title":"BlurNavigationViewController","type":"class"},{"children":[{"title":"Structures","type":"groupMarker"},{"children":[{"title":"Initializers","type":"groupMarker"},{"path":"\/documentation\/presentationexam\/chipmenucell\/chipmenuui\/init(cornerradius:menufontsize:selectedmenubolderwidth:selectedmenubordercolor:selectedmenutextcolor:unselectedmenubackgroundcolor:unselectedmenutextcolor:)","title":"init(cornerRadius: CGFloat, menuFontSize: CGFloat, selectedMenuBolderWidth: CGFloat, selectedMenuBorderColor: UIColor, selectedMenuTextColor: UIColor, unSelectedMenuBackgroundColor: UIColor, unSelectedMenuTextColor: UIColor)","type":"init"},{"title":"Instance Properties","type":"groupMarker"},{"path":"\/documentation\/presentationexam\/chipmenucell\/chipmenuui\/cornerradius","title":"var cornerRadius: CGFloat","type":"property"},{"path":"\/documentation\/presentationexam\/chipmenucell\/chipmenuui\/menufontsize","title":"var menuFontSize: CGFloat","type":"property"},{"path":"\/documentation\/presentationexam\/chipmenucell\/chipmenuui\/selectedmenubolderwidth","title":"var selectedMenuBolderWidth: CGFloat","type":"property"},{"path":"\/documentation\/presentationexam\/chipmenucell\/chipmenuui\/selectedmenubordercolor","title":"var selectedMenuBorderColor: UIColor","type":"property"},{"path":"\/documentation\/presentationexam\/chipmenucell\/chipmenuui\/selectedmenutextcolor","title":"var selectedMenuTextColor: UIColor","type":"property"},{"path":"\/documentation\/presentationexam\/chipmenucell\/chipmenuui\/unselectedmenubackgroundcolor","title":"var unSelectedMenuBackgroundColor: UIColor","type":"property"},{"path":"\/documentation\/presentationexam\/chipmenucell\/chipmenuui\/unselectedmenutextcolor","title":"var unSelectedMenuTextColor: UIColor","type":"property"}],"path":"\/documentation\/presentationexam\/chipmenucell\/chipmenuui","title":"ChipMenuCell.ChipMenuUI","type":"struct"},{"title":"Initializers","type":"groupMarker"},{"path":"\/documentation\/presentationexam\/chipmenucell\/init(coder:)","title":"init?(coder: NSCoder)","type":"init"},{"path":"\/documentation\/presentationexam\/chipmenucell\/init(frame:)","title":"init(frame: CGRect)","type":"init"},{"title":"Instance Methods","type":"groupMarker"},{"path":"\/documentation\/presentationexam\/chipmenucell\/configure(title:isselected:menuui:)","title":"func configure(title: String, isSelected: Bool, menuUI: ChipMenuUI)","type":"method"},{"path":"\/documentation\/presentationexam\/chipmenucell\/setupconstraints()","title":"func setupConstraints()","type":"method"},{"path":"\/documentation\/presentationexam\/chipmenucell\/setupui()","title":"func setupUI()","type":"method"},{"path":"\/documentation\/presentationexam\/chipmenucell\/toggleselecteditem(isselected:isborder:)","title":"func toggleSelectedItem(isSelected: Bool, isBorder: Bool)","type":"method"}],"path":"\/documentation\/presentationexam\/chipmenucell","title":"ChipMenuCell","type":"class"},{"children":[{"title":"Initializers","type":"groupMarker"},{"path":"\/documentation\/presentationexam\/chipmenuview\/init(coder:)","title":"init?(coder: NSCoder)","type":"init"},{"path":"\/documentation\/presentationexam\/chipmenuview\/init(frame:)","title":"init(frame: CGRect)","type":"init"},{"path":"\/documentation\/presentationexam\/chipmenuview\/init(menuitem:)","title":"init(menuItem: [String])","type":"init"},{"title":"Instance Properties","type":"groupMarker"},{"path":"\/documentation\/presentationexam\/chipmenuview\/cornerradius","title":"var cornerRadius: CGFloat","type":"property"},{"path":"\/documentation\/presentationexam\/chipmenuview\/menucontentinset","title":"var menuContentInset: UIEdgeInsets","type":"property"},{"path":"\/documentation\/presentationexam\/chipmenuview\/menufontsize","title":"var menuFontSize: CGFloat","type":"property"},{"path":"\/documentation\/presentationexam\/chipmenuview\/menuitemheight","title":"var menuItemHeight: CGFloat","type":"property"},{"path":"\/documentation\/presentationexam\/chipmenuview\/menuitemwidth","title":"var menuItemWidth: CGFloat","type":"property"},{"path":"\/documentation\/presentationexam\/chipmenuview\/menuitems","title":"var menuItems: [String]","type":"property"},{"path":"\/documentation\/presentationexam\/chipmenuview\/selectedmenubolderwidth","title":"var selectedMenuBolderWidth: CGFloat","type":"property"},{"path":"\/documentation\/presentationexam\/chipmenuview\/selectedmenubordercolor","title":"var selectedMenuBorderColor: UIColor","type":"property"},{"path":"\/documentation\/presentationexam\/chipmenuview\/selectedmenuevent","title":"var selectedMenuEvent: ((Int) -> ())?","type":"property"},{"path":"\/documentation\/presentationexam\/chipmenuview\/selectedmenuindex","title":"var selectedMenuIndex: Int","type":"property"},{"path":"\/documentation\/presentationexam\/chipmenuview\/selectedmenutextcolor","title":"var selectedMenuTextColor: UIColor","type":"property"},{"path":"\/documentation\/presentationexam\/chipmenuview\/unselectedmenubackgroundcolor","title":"var unSelectedMenuBackgroundColor: UIColor","type":"property"},{"path":"\/documentation\/presentationexam\/chipmenuview\/unselectedmenutextcolor","title":"var unSelectedMenuTextColor: UIColor","type":"property"},{"title":"Default Implementations","type":"groupMarker"},{"children":[{"title":"Instance Methods","type":"groupMarker"},{"path":"\/documentation\/presentationexam\/chipmenuview\/collectionview(_:cellforitemat:)","title":"func collectionView(UICollectionView, cellForItemAt: IndexPath) -> UICollectionViewCell","type":"method"},{"path":"\/documentation\/presentationexam\/chipmenuview\/collectionview(_:numberofitemsinsection:)","title":"func collectionView(UICollectionView, numberOfItemsInSection: Int) -> Int","type":"method"}],"path":"\/documentation\/presentationexam\/chipmenuview\/uicollectionviewdatasource-implementations","title":"UICollectionViewDataSource Implementations","type":"symbol"},{"children":[{"title":"Instance Methods","type":"groupMarker"},{"path":"\/documentation\/presentationexam\/chipmenuview\/collectionview(_:didselectitemat:)","title":"func collectionView(UICollectionView, didSelectItemAt: IndexPath)","type":"method"}],"path":"\/documentation\/presentationexam\/chipmenuview\/uicollectionviewdelegate-implementations","title":"UICollectionViewDelegate Implementations","type":"symbol"}],"path":"\/documentation\/presentationexam\/chipmenuview","title":"ChipMenuView","type":"class"},{"children":[{"title":"Initializers","type":"groupMarker"},{"path":"\/documentation\/presentationexam\/chiptextview\/init(coder:)","title":"init?(coder: NSCoder)","type":"init"},{"path":"\/documentation\/presentationexam\/chiptextview\/init(titles:)","title":"init(titles: [String])","type":"init"},{"title":"Instance Properties","type":"groupMarker"},{"path":"\/documentation\/presentationexam\/chiptextview\/menuitems","title":"var menuItems: [UIButton]","type":"property"},{"path":"\/documentation\/presentationexam\/chiptextview\/selectedmenuevent","title":"var selectedMenuEvent: ((Int) -> ())?","type":"property"},{"path":"\/documentation\/presentationexam\/chiptextview\/selectedmenuindex","title":"var selectedMenuIndex: Int","type":"property"}],"path":"\/documentation\/presentationexam\/chiptextview","title":"ChipTextView","type":"class"},{"children":[{"title":"Instance Properties","type":"groupMarker"},{"path":"\/documentation\/presentationexam\/detailcontroller\/collectionview","title":"var collectionView: UICollectionView","type":"property"},{"title":"Instance Methods","type":"groupMarker"},{"path":"\/documentation\/presentationexam\/detailcontroller\/backbuttontapped()","title":"func backButtonTapped()","type":"method"},{"path":"\/documentation\/presentationexam\/detailcontroller\/viewdidload()","title":"func viewDidLoad()","type":"method"},{"path":"\/documentation\/presentationexam\/detailcontroller\/viewwillappear(_:)","title":"func viewWillAppear(Bool)","type":"method"},{"title":"Default Implementations","type":"groupMarker"},{"children":[{"title":"Instance Methods","type":"groupMarker"},{"path":"\/documentation\/presentationexam\/detailcontroller\/collectionview(_:cellforitemat:)","title":"func collectionView(UICollectionView, cellForItemAt: IndexPath) -> UICollectionViewCell","type":"method"},{"path":"\/documentation\/presentationexam\/detailcontroller\/collectionview(_:numberofitemsinsection:)","title":"func collectionView(UICollectionView, numberOfItemsInSection: Int) -> Int","type":"method"}],"path":"\/documentation\/presentationexam\/detailcontroller\/uicollectionviewdatasource-implementations","title":"UICollectionViewDataSource Implementations","type":"symbol"},{"children":[{"title":"Instance Methods","type":"groupMarker"},{"path":"\/documentation\/presentationexam\/detailcontroller\/collectionview(_:didselectitemat:)","title":"func collectionView(UICollectionView, didSelectItemAt: IndexPath)","type":"method"}],"path":"\/documentation\/presentationexam\/detailcontroller\/uicollectionviewdelegate-implementations","title":"UICollectionViewDelegate Implementations","type":"symbol"},{"children":[{"title":"Instance Methods","type":"groupMarker"},{"path":"\/documentation\/presentationexam\/detailcontroller\/scrollviewdidscroll(_:)","title":"func scrollViewDidScroll(UIScrollView)","type":"method"},{"path":"\/documentation\/presentationexam\/detailcontroller\/scrollviewdidscrolltotop(_:)","title":"func scrollViewDidScrollToTop(UIScrollView)","type":"method"}],"path":"\/documentation\/presentationexam\/detailcontroller\/uiscrollviewdelegate-implementations","title":"UIScrollViewDelegate Implementations","type":"symbol"}],"path":"\/documentation\/presentationexam\/detailcontroller","title":"DetailController","type":"class"},{"children":[{"title":"Instance Properties","type":"groupMarker"},{"path":"\/documentation\/presentationexam\/detailcontroller2\/collectionview","title":"var collectionView: UICollectionView","type":"property"},{"title":"Instance Methods","type":"groupMarker"},{"path":"\/documentation\/presentationexam\/detailcontroller2\/backbuttontapped()","title":"func backButtonTapped()","type":"method"},{"path":"\/documentation\/presentationexam\/detailcontroller2\/viewdidload()","title":"func viewDidLoad()","type":"method"},{"path":"\/documentation\/presentationexam\/detailcontroller2\/viewwillappear(_:)","title":"func viewWillAppear(Bool)","type":"method"},{"title":"Default Implementations","type":"groupMarker"},{"children":[{"title":"Instance Methods","type":"groupMarker"},{"path":"\/documentation\/presentationexam\/detailcontroller2\/collectionview(_:cellforitemat:)","title":"func collectionView(UICollectionView, cellForItemAt: IndexPath) -> UICollectionViewCell","type":"method"},{"path":"\/documentation\/presentationexam\/detailcontroller2\/collectionview(_:numberofitemsinsection:)","title":"func collectionView(UICollectionView, numberOfItemsInSection: Int) -> Int","type":"method"}],"path":"\/documentation\/presentationexam\/detailcontroller2\/uicollectionviewdatasource-implementations","title":"UICollectionViewDataSource Implementations","type":"symbol"}],"path":"\/documentation\/presentationexam\/detailcontroller2","title":"DetailController2","type":"class"},{"children":[{"title":"Initializers","type":"groupMarker"},{"path":"\/documentation\/presentationexam\/hotviewcontroller\/init(coder:)","title":"init?(coder: NSCoder)","type":"init"},{"path":"\/documentation\/presentationexam\/hotviewcontroller\/init(topinset:)","title":"init(topInset: CGFloat)","type":"init"},{"title":"Instance Properties","type":"groupMarker"},{"path":"\/documentation\/presentationexam\/hotviewcontroller\/blurviewtopinset","title":"var blurViewTopInset: CGFloat","type":"property"},{"path":"\/documentation\/presentationexam\/hotviewcontroller\/collectionview","title":"var collectionView: UICollectionView","type":"property"},{"path":"\/documentation\/presentationexam\/hotviewcontroller\/delegate","title":"var delegate: SOOPBaseEventHandler?","type":"property"},{"title":"Instance Methods","type":"groupMarker"},{"path":"\/documentation\/presentationexam\/hotviewcontroller\/viewdidload()","title":"func viewDidLoad()","type":"method"},{"title":"Default Implementations","type":"groupMarker"},{"children":[{"title":"Instance Methods","type":"groupMarker"},{"path":"\/documentation\/presentationexam\/hotviewcontroller\/collectionview(_:cellforitemat:)","title":"func collectionView(UICollectionView, cellForItemAt: IndexPath) -> UICollectionViewCell","type":"method"},{"path":"\/documentation\/presentationexam\/hotviewcontroller\/collectionview(_:numberofitemsinsection:)","title":"func collectionView(UICollectionView, numberOfItemsInSection: Int) -> Int","type":"method"}],"path":"\/documentation\/presentationexam\/hotviewcontroller\/uicollectionviewdatasource-implementations","title":"UICollectionViewDataSource Implementations","type":"symbol"},{"children":[{"title":"Instance Methods","type":"groupMarker"},{"path":"\/documentation\/presentationexam\/hotviewcontroller\/collectionview(_:didselectitemat:)","title":"func collectionView(UICollectionView, didSelectItemAt: IndexPath)","type":"method"}],"path":"\/documentation\/presentationexam\/hotviewcontroller\/uicollectionviewdelegate-implementations","title":"UICollectionViewDelegate Implementations","type":"symbol"},{"children":[{"title":"Instance Methods","type":"groupMarker"},{"path":"\/documentation\/presentationexam\/hotviewcontroller\/scrollviewdidscroll(_:)","title":"func scrollViewDidScroll(UIScrollView)","type":"method"},{"path":"\/documentation\/presentationexam\/hotviewcontroller\/scrollviewdidscrolltotop(_:)","title":"func scrollViewDidScrollToTop(UIScrollView)","type":"method"}],"path":"\/documentation\/presentationexam\/hotviewcontroller\/uiscrollviewdelegate-implementations","title":"UIScrollViewDelegate Implementations","type":"symbol"}],"path":"\/documentation\/presentationexam\/hotviewcontroller","title":"HOTViewController","type":"class"},{"children":[{"title":"Instance Properties","type":"groupMarker"},{"path":"\/documentation\/presentationexam\/homeviewcontroller\/willdismissviewcontroller","title":"var willDismissViewController: PublishSubject<UIViewController>","type":"property"},{"path":"\/documentation\/presentationexam\/homeviewcontroller\/willpresentviewcontroller","title":"var willPresentViewController: PublishSubject<UIViewController>","type":"property"},{"title":"Instance Methods","type":"groupMarker"},{"path":"\/documentation\/presentationexam\/homeviewcontroller\/viewdidload()","title":"func viewDidLoad()","type":"method"},{"title":"Enumerations","type":"groupMarker"},{"children":[{"title":"Enumeration Cases","type":"groupMarker"},{"path":"\/documentation\/presentationexam\/homeviewcontroller\/childviewcontroller\/all","title":"case all","type":"case"},{"path":"\/documentation\/presentationexam\/homeviewcontroller\/childviewcontroller\/hot","title":"case hot","type":"case"},{"path":"\/documentation\/presentationexam\/homeviewcontroller\/childviewcontroller\/live","title":"case live","type":"case"},{"title":"Initializers","type":"groupMarker"},{"path":"\/documentation\/presentationexam\/homeviewcontroller\/childviewcontroller\/init(rawvalue:)","title":"init?(rawValue: Int)","type":"init"},{"title":"Instance Properties","type":"groupMarker"},{"path":"\/documentation\/presentationexam\/homeviewcontroller\/childviewcontroller\/title","title":"var title: String","type":"property"},{"path":"\/documentation\/presentationexam\/homeviewcontroller\/childviewcontroller\/viewcontroller","title":"var viewController: UIViewController","type":"property"},{"title":"Type Properties","type":"groupMarker"},{"path":"\/documentation\/presentationexam\/homeviewcontroller\/childviewcontroller\/chipmenuheight","title":"static let chipMenuHeight: CGFloat","type":"property"},{"title":"Default Implementations","type":"groupMarker"},{"children":[{"title":"Operators","type":"groupMarker"},{"path":"\/documentation\/presentationexam\/homeviewcontroller\/childviewcontroller\/!=(_:_:)","title":"static func != (Self, Self) -> Bool","type":"op"}],"path":"\/documentation\/presentationexam\/homeviewcontroller\/childviewcontroller\/equatable-implementations","title":"Equatable Implementations","type":"symbol"},{"children":[{"title":"Instance Properties","type":"groupMarker"},{"path":"\/documentation\/presentationexam\/homeviewcontroller\/childviewcontroller\/hashvalue","title":"var hashValue: Int","type":"property"},{"title":"Instance Methods","type":"groupMarker"},{"path":"\/documentation\/presentationexam\/homeviewcontroller\/childviewcontroller\/hash(into:)","title":"func hash(into: inout Hasher)","type":"method"}],"path":"\/documentation\/presentationexam\/homeviewcontroller\/childviewcontroller\/rawrepresentable-implementations","title":"RawRepresentable Implementations","type":"symbol"}],"path":"\/documentation\/presentationexam\/homeviewcontroller\/childviewcontroller","title":"HomeViewController.ChildViewController","type":"enum"},{"title":"Default Implementations","type":"groupMarker"},{"children":[{"title":"Instance Methods","type":"groupMarker"},{"path":"\/documentation\/presentationexam\/homeviewcontroller\/pageviewcontroller(_:viewcontrollerafter:)","title":"func pageViewController(UIPageViewController, viewControllerAfter: UIViewController) -> UIViewController?","type":"method"},{"path":"\/documentation\/presentationexam\/homeviewcontroller\/pageviewcontroller(_:viewcontrollerbefore:)","title":"func pageViewController(UIPageViewController, viewControllerBefore: UIViewController) -> UIViewController?","type":"method"}],"path":"\/documentation\/presentationexam\/homeviewcontroller\/uipageviewcontrollerdatasource-implementations","title":"UIPageViewControllerDataSource Implementations","type":"symbol"},{"children":[{"title":"Instance Methods","type":"groupMarker"},{"path":"\/documentation\/presentationexam\/homeviewcontroller\/pageviewcontroller(_:didfinishanimating:previousviewcontrollers:transitioncompleted:)","title":"func pageViewController(UIPageViewController, didFinishAnimating: Bool, previousViewControllers: [UIViewController], transitionCompleted: Bool)","type":"method"}],"path":"\/documentation\/presentationexam\/homeviewcontroller\/uipageviewcontrollerdelegate-implementations","title":"UIPageViewControllerDelegate Implementations","type":"symbol"},{"children":[{"title":"Instance Methods","type":"groupMarker"},{"path":"\/documentation\/presentationexam\/homeviewcontroller\/scrollviewdidscroll(_:)","title":"func scrollViewDidScroll(UIScrollView)","type":"method"}],"path":"\/documentation\/presentationexam\/homeviewcontroller\/uiscrollviewdelegate-implementations","title":"UIScrollViewDelegate Implementations","type":"symbol"}],"path":"\/documentation\/presentationexam\/homeviewcontroller","title":"HomeViewController","type":"class"},{"children":[{"title":"Initializers","type":"groupMarker"},{"path":"\/documentation\/presentationexam\/logoitemview\/init(coder:)","title":"init?(coder: NSCoder)","type":"init"},{"path":"\/documentation\/presentationexam\/logoitemview\/init(leftitems:rightitems:)","title":"init(leftItems: [Item], rightItems: [Item])","type":"init"},{"title":"Enumerations","type":"groupMarker"},{"children":[{"title":"Enumeration Cases","type":"groupMarker"},{"path":"\/documentation\/presentationexam\/logoitemview\/item\/alarm","title":"case alarm","type":"case"},{"path":"\/documentation\/presentationexam\/logoitemview\/item\/myinfo","title":"case myInfo","type":"case"},{"path":"\/documentation\/presentationexam\/logoitemview\/item\/search","title":"case search","type":"case"},{"path":"\/documentation\/presentationexam\/logoitemview\/item\/studio","title":"case studio","type":"case"},{"title":"Instance Properties","type":"groupMarker"},{"path":"\/documentation\/presentationexam\/logoitemview\/item\/image","title":"var image: String","type":"property"},{"title":"Type Properties","type":"groupMarker"},{"path":"\/documentation\/presentationexam\/logoitemview\/item\/itemmaxsize","title":"static let itemMaxSize: CGFloat","type":"property"},{"path":"\/documentation\/presentationexam\/logoitemview\/item\/logoimage","title":"static let logoImage: String","type":"property"},{"title":"Default Implementations","type":"groupMarker"},{"children":[{"title":"Operators","type":"groupMarker"},{"path":"\/documentation\/presentationexam\/logoitemview\/item\/!=(_:_:)","title":"static func != (Self, Self) -> Bool","type":"op"}],"path":"\/documentation\/presentationexam\/logoitemview\/item\/equatable-implementations","title":"Equatable Implementations","type":"symbol"}],"path":"\/documentation\/presentationexam\/logoitemview\/item","title":"LogoItemView.Item","type":"enum"}],"path":"\/documentation\/presentationexam\/logoitemview","title":"LogoItemView","type":"class"},{"children":[{"title":"Initializers","type":"groupMarker"},{"path":"\/documentation\/presentationexam\/myplusviewcontroller\/init()","title":"init()","type":"init"},{"path":"\/documentation\/presentationexam\/myplusviewcontroller\/init(coder:)","title":"init?(coder: NSCoder)","type":"init"},{"title":"Instance Properties","type":"groupMarker"},{"path":"\/documentation\/presentationexam\/myplusviewcontroller\/collectionview","title":"var collectionView: UICollectionView","type":"property"},{"title":"Instance Methods","type":"groupMarker"},{"path":"\/documentation\/presentationexam\/myplusviewcontroller\/viewdidload()","title":"func viewDidLoad()","type":"method"},{"path":"\/documentation\/presentationexam\/myplusviewcontroller\/viewwillappear(_:)","title":"func viewWillAppear(Bool)","type":"method"},{"title":"Default Implementations","type":"groupMarker"},{"children":[{"title":"Instance Methods","type":"groupMarker"},{"path":"\/documentation\/presentationexam\/myplusviewcontroller\/collectionview(_:cellforitemat:)","title":"func collectionView(UICollectionView, cellForItemAt: IndexPath) -> UICollectionViewCell","type":"method"},{"path":"\/documentation\/presentationexam\/myplusviewcontroller\/collectionview(_:numberofitemsinsection:)","title":"func collectionView(UICollectionView, numberOfItemsInSection: Int) -> Int","type":"method"}],"path":"\/documentation\/presentationexam\/myplusviewcontroller\/uicollectionviewdatasource-implementations","title":"UICollectionViewDataSource Implementations","type":"symbol"},{"children":[{"title":"Instance Methods","type":"groupMarker"},{"path":"\/documentation\/presentationexam\/myplusviewcontroller\/collectionview(_:didselectitemat:)","title":"func collectionView(UICollectionView, didSelectItemAt: IndexPath)","type":"method"}],"path":"\/documentation\/presentationexam\/myplusviewcontroller\/uicollectionviewdelegate-implementations","title":"UICollectionViewDelegate Implementations","type":"symbol"},{"children":[{"title":"Instance Methods","type":"groupMarker"},{"path":"\/documentation\/presentationexam\/myplusviewcontroller\/scrollviewdidscroll(_:)","title":"func scrollViewDidScroll(UIScrollView)","type":"method"},{"path":"\/documentation\/presentationexam\/myplusviewcontroller\/scrollviewdidscrolltotop(_:)","title":"func scrollViewDidScrollToTop(UIScrollView)","type":"method"}],"path":"\/documentation\/presentationexam\/myplusviewcontroller\/uiscrollviewdelegate-implementations","title":"UIScrollViewDelegate Implementations","type":"symbol"}],"path":"\/documentation\/presentationexam\/myplusviewcontroller","title":"MYPlusViewController","type":"class"},{"children":[{"title":"Instance Properties","type":"groupMarker"},{"path":"\/documentation\/presentationexam\/popanimator\/dismisscompletion","title":"var dismissCompletion: (() -> Void)?","type":"property"},{"path":"\/documentation\/presentationexam\/popanimator\/originframe","title":"var originFrame: CGRect","type":"property"},{"path":"\/documentation\/presentationexam\/popanimator\/presenting","title":"var presenting: Bool","type":"property"},{"title":"Default Implementations","type":"groupMarker"},{"children":[{"title":"Instance Methods","type":"groupMarker"},{"path":"\/documentation\/presentationexam\/popanimator\/animatetransition(using:)","title":"func animateTransition(using: UIViewControllerContextTransitioning)","type":"method"},{"path":"\/documentation\/presentationexam\/popanimator\/transitionduration(using:)","title":"func transitionDuration(using: UIViewControllerContextTransitioning?) -> TimeInterval","type":"method"}],"path":"\/documentation\/presentationexam\/popanimator\/uiviewcontrolleranimatedtransitioning-implementations","title":"UIViewControllerAnimatedTransitioning Implementations","type":"symbol"}],"path":"\/documentation\/presentationexam\/popanimator","title":"PopAnimator","type":"class"},{"children":[{"title":"Instance Methods","type":"groupMarker"},{"path":"\/documentation\/presentationexam\/soopbaseviewcontroller\/addcustomview(of:target:)","title":"func addCustomView(of: UIView..., target: UIViewController)","type":"method"},{"path":"\/documentation\/presentationexam\/soopbaseviewcontroller\/didscroll(scrollview:blurviewtopinset:)","title":"func didScroll(scrollView: UIScrollView, blurViewTopInset: BlurViewTopInset)","type":"method"},{"path":"\/documentation\/presentationexam\/soopbaseviewcontroller\/didscrolltotop()","title":"func didScrollToTop()","type":"method"},{"path":"\/documentation\/presentationexam\/soopbaseviewcontroller\/removecustomview(of:)","title":"func removeCustomView(of: UIView...)","type":"method"},{"path":"\/documentation\/presentationexam\/soopbaseviewcontroller\/viewdidload()","title":"func viewDidLoad()","type":"method"},{"path":"\/documentation\/presentationexam\/soopbaseviewcontroller\/viewwilldisappear(_:)","title":"func viewWillDisappear(Bool)","type":"method"},{"title":"Enumerations","type":"groupMarker"},{"children":[{"title":"Enumeration Cases","type":"groupMarker"},{"path":"\/documentation\/presentationexam\/soopbaseviewcontroller\/blurviewtopinset\/inset(_:)","title":"case inset(CGFloat)","type":"case"},{"path":"\/documentation\/presentationexam\/soopbaseviewcontroller\/blurviewtopinset\/none","title":"case none","type":"case"}],"path":"\/documentation\/presentationexam\/soopbaseviewcontroller\/blurviewtopinset","title":"SOOPBaseViewController.BlurViewTopInset","type":"enum"},{"children":[{"title":"Enumeration Cases","type":"groupMarker"},{"path":"\/documentation\/presentationexam\/soopbaseviewcontroller\/zpositionpriority\/high","title":"case high","type":"case"},{"path":"\/documentation\/presentationexam\/soopbaseviewcontroller\/zpositionpriority\/low","title":"case low","type":"case"},{"path":"\/documentation\/presentationexam\/soopbaseviewcontroller\/zpositionpriority\/middle","title":"case middle","type":"case"},{"title":"Initializers","type":"groupMarker"},{"path":"\/documentation\/presentationexam\/soopbaseviewcontroller\/zpositionpriority\/init(rawvalue:)","title":"init?(rawValue: CGFloat)","type":"init"},{"title":"Default Implementations","type":"groupMarker"},{"children":[{"title":"Operators","type":"groupMarker"},{"path":"\/documentation\/presentationexam\/soopbaseviewcontroller\/zpositionpriority\/!=(_:_:)","title":"static func != (Self, Self) -> Bool","type":"op"}],"path":"\/documentation\/presentationexam\/soopbaseviewcontroller\/zpositionpriority\/equatable-implementations","title":"Equatable Implementations","type":"symbol"},{"children":[{"title":"Instance Properties","type":"groupMarker"},{"path":"\/documentation\/presentationexam\/soopbaseviewcontroller\/zpositionpriority\/hashvalue","title":"var hashValue: Int","type":"property"},{"title":"Instance Methods","type":"groupMarker"},{"path":"\/documentation\/presentationexam\/soopbaseviewcontroller\/zpositionpriority\/hash(into:)","title":"func hash(into: inout Hasher)","type":"method"}],"path":"\/documentation\/presentationexam\/soopbaseviewcontroller\/zpositionpriority\/rawrepresentable-implementations","title":"RawRepresentable Implementations","type":"symbol"}],"path":"\/documentation\/presentationexam\/soopbaseviewcontroller\/zpositionpriority","title":"SOOPBaseViewController.ZPositionPriority","type":"enum"}],"path":"\/documentation\/presentationexam\/soopbaseviewcontroller","title":"SOOPBaseViewController","type":"class"},{"children":[{"title":"Instance Properties","type":"groupMarker"},{"path":"\/documentation\/presentationexam\/scenedelegate\/window","title":"var window: UIWindow?","type":"property"},{"title":"Instance Methods","type":"groupMarker"},{"path":"\/documentation\/presentationexam\/scenedelegate\/scene(_:willconnectto:options:)","title":"func scene(UIScene, willConnectTo: UISceneSession, options: UIScene.ConnectionOptions)","type":"method"},{"path":"\/documentation\/presentationexam\/scenedelegate\/scenedidbecomeactive(_:)","title":"func sceneDidBecomeActive(UIScene)","type":"method"},{"path":"\/documentation\/presentationexam\/scenedelegate\/scenediddisconnect(_:)","title":"func sceneDidDisconnect(UIScene)","type":"method"},{"path":"\/documentation\/presentationexam\/scenedelegate\/scenedidenterbackground(_:)","title":"func sceneDidEnterBackground(UIScene)","type":"method"},{"path":"\/documentation\/presentationexam\/scenedelegate\/scenewillenterforeground(_:)","title":"func sceneWillEnterForeground(UIScene)","type":"method"},{"path":"\/documentation\/presentationexam\/scenedelegate\/scenewillresignactive(_:)","title":"func sceneWillResignActive(UIScene)","type":"method"}],"path":"\/documentation\/presentationexam\/scenedelegate","title":"SceneDelegate","type":"class"},{"children":[{"title":"Initializers","type":"groupMarker"},{"path":"\/documentation\/presentationexam\/seansonalbannercell\/init(coder:)","title":"init?(coder: NSCoder)","type":"init"},{"path":"\/documentation\/presentationexam\/seansonalbannercell\/init(frame:)","title":"init(frame: CGRect)","type":"init"},{"title":"Instance Properties","type":"groupMarker"},{"path":"\/documentation\/presentationexam\/seansonalbannercell\/imageview","title":"let imageView: UIImageView","type":"property"},{"title":"Instance Methods","type":"groupMarker"},{"path":"\/documentation\/presentationexam\/seansonalbannercell\/setupconstraints()","title":"func setupConstraints()","type":"method"}],"path":"\/documentation\/presentationexam\/seansonalbannercell","title":"SeansonalBannerCell","type":"class"},{"children":[{"title":"Initializers","type":"groupMarker"},{"path":"\/documentation\/presentationexam\/sodeulcell\/init(coder:)","title":"init?(coder: NSCoder)","type":"init"},{"path":"\/documentation\/presentationexam\/sodeulcell\/init(frame:)","title":"init(frame: CGRect)","type":"init"},{"title":"Instance Properties","type":"groupMarker"},{"path":"\/documentation\/presentationexam\/sodeulcell\/imageview","title":"let imageView: UIImageView","type":"property"},{"title":"Instance Methods","type":"groupMarker"},{"path":"\/documentation\/presentationexam\/sodeulcell\/setupconstraints()","title":"func setupConstraints()","type":"method"}],"path":"\/documentation\/presentationexam\/sodeulcell","title":"SodeulCell","type":"class"},{"children":[{"title":"Initializers","type":"groupMarker"},{"path":"\/documentation\/presentationexam\/weak\/init(_:)","title":"init(T?)","type":"init"},{"title":"Instance Properties","type":"groupMarker"},{"path":"\/documentation\/presentationexam\/weak\/value","title":"var value: T?","type":"property"}],"path":"\/documentation\/presentationexam\/weak","title":"Weak","type":"class"},{"title":"Protocols","type":"groupMarker"},{"children":[{"title":"Instance Properties","type":"groupMarker"},{"path":"\/documentation\/presentationexam\/blurnavigationviewpresentable\/blurnavigationview","title":"var blurNavigationView: BlurViewListener?","type":"property"},{"title":"Instance Methods","type":"groupMarker"},{"path":"\/documentation\/presentationexam\/blurnavigationviewpresentable\/make(type:)","title":"func make(type: NavigationViewType)","type":"method"}],"path":"\/documentation\/presentationexam\/blurnavigationviewpresentable","title":"BlurNavigationViewPresentable","type":"protocol"},{"children":[{"title":"Instance Properties","type":"groupMarker"},{"path":"\/documentation\/presentationexam\/blurviewlistener\/barheight","title":"var barHeight: CGFloat","type":"property"},{"path":"\/documentation\/presentationexam\/blurviewlistener\/ishiddeninscrolling","title":"var isHiddenInScrolling: Bool","type":"property"},{"path":"\/documentation\/presentationexam\/blurviewlistener\/title","title":"var title: String?","type":"property"},{"title":"Instance Methods","type":"groupMarker"},{"path":"\/documentation\/presentationexam\/blurviewlistener\/addcustomview(of:height:)","title":"func addCustomView(of: UIView, height: CGFloat)","type":"method"},{"path":"\/documentation\/presentationexam\/blurviewlistener\/registerscrollview(_:)","title":"func registerScrollView(Weak<UIScrollView>)","type":"method"},{"path":"\/documentation\/presentationexam\/blurviewlistener\/removecustomview(of:)","title":"func removeCustomView(of: UIView)","type":"method"},{"path":"\/documentation\/presentationexam\/blurviewlistener\/sethiddennavigation(_:scrollview:)","title":"func setHiddenNavigation(Bool, scrollView: UIScrollView?)","type":"method"}],"path":"\/documentation\/presentationexam\/blurviewlistener","title":"BlurViewListener","type":"protocol"},{"children":[{"title":"Instance Properties","type":"groupMarker"},{"path":"\/documentation\/presentationexam\/navigationviewlistener\/isbarhiddeninscrolling","title":"var isBarHiddenInScrolling: Bool","type":"property"},{"path":"\/documentation\/presentationexam\/navigationviewlistener\/navibarheight","title":"var naviBarHeight: CGFloat","type":"property"},{"path":"\/documentation\/presentationexam\/navigationviewlistener\/navigationbaralpha","title":"var navigationBarAlpha: CGFloat","type":"property"},{"path":"\/documentation\/presentationexam\/navigationviewlistener\/navigationbarheightpublisher","title":"var navigationBarHeightPublisher: PassthroughSubject<CGFloat, Never>?","type":"property"},{"title":"Instance Methods","type":"groupMarker"},{"path":"\/documentation\/presentationexam\/navigationviewlistener\/bringcustomviewtofront()","title":"func bringCustomviewToFront()","type":"method"},{"path":"\/documentation\/presentationexam\/navigationviewlistener\/didscroll(scrollview:)","title":"func didScroll(scrollView: UIScrollView)","type":"method"},{"path":"\/documentation\/presentationexam\/navigationviewlistener\/didscrolltotop()","title":"func didScrollToTop()","type":"method"},{"path":"\/documentation\/presentationexam\/navigationviewlistener\/sethiddennavigationview(ishidden:)","title":"func setHiddenNavigationView(isHidden: Bool)","type":"method"},{"path":"\/documentation\/presentationexam\/navigationviewlistener\/setlargetitle()","title":"func setLargeTItle()","type":"method"},{"path":"\/documentation\/presentationexam\/navigationviewlistener\/settitle(_:)","title":"func setTitle(String)","type":"method"}],"path":"\/documentation\/presentationexam\/navigationviewlistener","title":"NavigationViewListener","type":"protocol"},{"children":[{"title":"Instance Properties","type":"groupMarker"},{"path":"\/documentation\/presentationexam\/soopbaseeventhandler\/willdismissviewcontroller","title":"var willDismissViewController: PublishSubject<UIViewController>","type":"property"},{"path":"\/documentation\/presentationexam\/soopbaseeventhandler\/willpresentviewcontroller","title":"var willPresentViewController: PublishSubject<UIViewController>","type":"property"},{"title":"Instance Methods","type":"groupMarker"},{"path":"\/documentation\/presentationexam\/soopbaseeventhandler\/addcustomview(of:target:)","title":"func addCustomView(of: UIView..., target: UIViewController)","type":"method"},{"path":"\/documentation\/presentationexam\/soopbaseeventhandler\/didscroll(scrollview:blurviewtopinset:)","title":"func didScroll(scrollView: UIScrollView, blurViewTopInset: SOOPBaseViewController.BlurViewTopInset)","type":"method"},{"path":"\/documentation\/presentationexam\/soopbaseeventhandler\/didscrolltotop()","title":"func didScrollToTop()","type":"method"},{"path":"\/documentation\/presentationexam\/soopbaseeventhandler\/removecustomview(of:)","title":"func removeCustomView(of: UIView...)","type":"method"}],"path":"\/documentation\/presentationexam\/soopbaseeventhandler","title":"SOOPBaseEventHandler","type":"protocol"},{"children":[{"title":"Instance Properties","type":"groupMarker"},{"path":"\/documentation\/presentationexam\/soopbaselistener\/delegate","title":"var delegate: SOOPBaseEventHandler?","type":"property"}],"path":"\/documentation\/presentationexam\/soopbaselistener","title":"SOOPBaseListener","type":"protocol"},{"title":"Structures","type":"groupMarker"},{"children":[{"title":"Initializers","type":"groupMarker"},{"path":"\/documentation\/presentationexam\/colorresource\/init(name:bundle:)","title":"init(name: Swift.String, bundle: Foundation.Bundle)","type":"init"},{"title":"Default Implementations","type":"groupMarker"},{"children":[{"title":"Operators","type":"groupMarker"},{"path":"\/documentation\/presentationexam\/colorresource\/!=(_:_:)","title":"static func != (Self, Self) -> Bool","type":"op"}],"path":"\/documentation\/presentationexam\/colorresource\/equatable-implementations","title":"Equatable Implementations","type":"symbol"}],"path":"\/documentation\/presentationexam\/colorresource","title":"ColorResource","type":"struct"},{"children":[{"title":"Initializers","type":"groupMarker"},{"path":"\/documentation\/presentationexam\/imageresource\/init(name:bundle:)","title":"init(name: Swift.String, bundle: Foundation.Bundle)","type":"init"},{"title":"Default Implementations","type":"groupMarker"},{"children":[{"title":"Operators","type":"groupMarker"},{"path":"\/documentation\/presentationexam\/imageresource\/!=(_:_:)","title":"static func != (Self, Self) -> Bool","type":"op"}],"path":"\/documentation\/presentationexam\/imageresource\/equatable-implementations","title":"Equatable Implementations","type":"symbol"}],"path":"\/documentation\/presentationexam\/imageresource","title":"ImageResource","type":"struct"},{"title":"Enumerations","type":"groupMarker"},{"children":[{"title":"Enumeration Cases","type":"groupMarker"},{"path":"\/documentation\/presentationexam\/navigationviewtype\/customview(view:size:)","title":"case customView(view: UIView, size: NavigationViewSize)","type":"case"},{"path":"\/documentation\/presentationexam\/navigationviewtype\/largetitle(title:size:)","title":"case largeTitle(title: String?, size: NavigationViewSize)","type":"case"},{"path":"\/documentation\/presentationexam\/navigationviewtype\/title(title:size:)","title":"case title(title: String?, size: NavigationViewSize)","type":"case"},{"title":"Enumerations","type":"groupMarker"},{"children":[{"title":"Enumeration Cases","type":"groupMarker"},{"path":"\/documentation\/presentationexam\/navigationviewtype\/navigationviewsize\/custom(height:)","title":"case custom(height: CGFloat)","type":"case"},{"path":"\/documentation\/presentationexam\/navigationviewtype\/navigationviewsize\/system-swift.enum.case","title":"case system","type":"case"},{"title":"Enumerations","type":"groupMarker"},{"children":[{"title":"Type Properties","type":"groupMarker"},{"path":"\/documentation\/presentationexam\/navigationviewtype\/navigationviewsize\/system-swift.enum\/largeheight","title":"static let largeHeight: CGFloat","type":"property"},{"path":"\/documentation\/presentationexam\/navigationviewtype\/navigationviewsize\/system-swift.enum\/smallheight","title":"static let smallHeight: CGFloat","type":"property"}],"path":"\/documentation\/presentationexam\/navigationviewtype\/navigationviewsize\/system-swift.enum","title":"NavigationViewType.NavigationViewSize.System","type":"enum"}],"path":"\/documentation\/presentationexam\/navigationviewtype\/navigationviewsize","title":"NavigationViewType.NavigationViewSize","type":"enum"}],"path":"\/documentation\/presentationexam\/navigationviewtype","title":"NavigationViewType","type":"enum"},{"children":[{"title":"Enumeration Cases","type":"groupMarker"},{"path":"\/documentation\/presentationexam\/soopnavigationtype\/base(title:)","title":"case base(title: String)","type":"case"},{"path":"\/documentation\/presentationexam\/soopnavigationtype\/logo","title":"case logo","type":"case"},{"path":"\/documentation\/presentationexam\/soopnavigationtype\/logotitle(title:)","title":"case logoTitle(title: String)","type":"case"}],"path":"\/documentation\/presentationexam\/soopnavigationtype","title":"SOOPNavigationType","type":"enum"},{"children":[{"title":"Enumeration Cases","type":"groupMarker"},{"path":"\/documentation\/presentationexam\/soopnavigationviewtype\/base(type:)","title":"case base(type: SOOPNavigationType)","type":"case"},{"path":"\/documentation\/presentationexam\/soopnavigationviewtype\/blur(type:)","title":"case blur(type: SOOPNavigationType)","type":"case"}],"path":"\/documentation\/presentationexam\/soopnavigationviewtype","title":"SOOPNavigationViewType","type":"enum"},{"title":"Extended Modules","type":"groupMarker"},{"children":[{"title":"Extended Protocols","type":"groupMarker"},{"children":[{"title":"Instance Methods","type":"groupMarker"},{"path":"\/documentation\/presentationexam\/rxswift\/observabletype\/pairwise()","title":"func pairwise() -> Observable<(Element, Element)>","type":"method"}],"path":"\/documentation\/presentationexam\/rxswift\/observabletype","title":"ObservableType","type":"extension"},{"title":"Extended Structures","type":"groupMarker"},{"children":[{"title":"Instance Properties","type":"groupMarker"},{"path":"\/documentation\/presentationexam\/rxswift\/reactive\/didendscrolling","title":"var didEndScrolling: ControlEvent<Void>","type":"property"},{"path":"\/documentation\/presentationexam\/rxswift\/reactive\/scrolldirection-swift.property","title":"var scrollDirection: Observable<ScrollDirection>","type":"property"},{"path":"\/documentation\/presentationexam\/rxswift\/reactive\/touchesended","title":"var touchesEnded: ControlEvent<Void>","type":"property"},{"path":"\/documentation\/presentationexam\/rxswift\/reactive\/viewdidappear","title":"var viewDidAppear: ControlEvent<Void>","type":"property"},{"path":"\/documentation\/presentationexam\/rxswift\/reactive\/viewdiddisappear","title":"var viewDidDisappear: ControlEvent<Void>","type":"property"},{"title":"Enumerations","type":"groupMarker"},{"children":[{"title":"Enumeration Cases","type":"groupMarker"},{"path":"\/documentation\/presentationexam\/rxswift\/reactive\/scrolldirection-swift.enum\/down","title":"case down","type":"case"},{"path":"\/documentation\/presentationexam\/rxswift\/reactive\/scrolldirection-swift.enum\/none","title":"case none","type":"case"},{"path":"\/documentation\/presentationexam\/rxswift\/reactive\/scrolldirection-swift.enum\/up","title":"case up","type":"case"},{"title":"Default Implementations","type":"groupMarker"},{"children":[{"title":"Operators","type":"groupMarker"},{"path":"\/documentation\/presentationexam\/rxswift\/reactive\/scrolldirection-swift.enum\/!=(_:_:)","title":"static func != (Self, Self) -> Bool","type":"op"}],"path":"\/documentation\/presentationexam\/rxswift\/reactive\/scrolldirection-swift.enum\/equatable-implementations","title":"Equatable Implementations","type":"symbol"}],"path":"\/documentation\/presentationexam\/rxswift\/reactive\/scrolldirection-swift.enum","title":"Reactive.ScrollDirection","type":"enum"}],"path":"\/documentation\/presentationexam\/rxswift\/reactive","title":"Reactive","type":"extension"}],"path":"\/documentation\/presentationexam\/rxswift","title":"RxSwift","type":"extension"},{"children":[{"title":"Extended Structures","type":"groupMarker"},{"children":[{"title":"Initializers","type":"groupMarker"},{"path":"\/documentation\/presentationexam\/swiftui\/color\/init(_:)","title":"init(ColorResource)","type":"init"}],"path":"\/documentation\/presentationexam\/swiftui\/color","title":"Color","type":"extension"},{"children":[{"title":"Initializers","type":"groupMarker"},{"path":"\/documentation\/presentationexam\/swiftui\/image\/init(_:)","title":"init(ImageResource)","type":"init"}],"path":"\/documentation\/presentationexam\/swiftui\/image","title":"Image","type":"extension"}],"path":"\/documentation\/presentationexam\/swiftui","title":"SwiftUI","type":"extension"},{"children":[{"title":"Extended Classes","type":"groupMarker"},{"children":[{"title":"Initializers","type":"groupMarker"},{"path":"\/documentation\/presentationexam\/uikit\/uicolor\/init(resource:)","title":"init(resource: ColorResource)","type":"init"},{"title":"Type Properties","type":"groupMarker"},{"path":"\/documentation\/presentationexam\/uikit\/uicolor\/blue23","title":"static let blue23: UIColor","type":"property"},{"path":"\/documentation\/presentationexam\/uikit\/uicolor\/gray10","title":"static let gray10: UIColor","type":"property"},{"path":"\/documentation\/presentationexam\/uikit\/uicolor\/gray150","title":"static let gray150: UIColor","type":"property"},{"path":"\/documentation\/presentationexam\/uikit\/uicolor\/gray23","title":"static let gray23: UIColor","type":"property"},{"path":"\/documentation\/presentationexam\/uikit\/uicolor\/white252","title":"static let white252: UIColor","type":"property"}],"path":"\/documentation\/presentationexam\/uikit\/uicolor","title":"UIColor","type":"extension"},{"children":[{"title":"Initializers","type":"groupMarker"},{"path":"\/documentation\/presentationexam\/uikit\/uiimage\/init(resource:)","title":"init(resource: ImageResource)","type":"init"}],"path":"\/documentation\/presentationexam\/uikit\/uiimage","title":"UIImage","type":"extension"},{"children":[{"title":"Instance Properties","type":"groupMarker"},{"path":"\/documentation\/presentationexam\/uikit\/uinavigationcontroller\/blurview","title":"var blurView: BlurViewListener?","type":"property"},{"path":"\/documentation\/presentationexam\/uikit\/uinavigationcontroller\/title","title":"var title: String?","type":"property"},{"title":"Instance Methods","type":"groupMarker"},{"path":"\/documentation\/presentationexam\/uikit\/uinavigationcontroller\/makeblurview(type:)","title":"func makeBlurView(type: NavigationViewType)","type":"method"},{"path":"\/documentation\/presentationexam\/uikit\/uinavigationcontroller\/settranslucent(_:)","title":"func setTranslucent(Bool)","type":"method"},{"path":"\/documentation\/presentationexam\/uikit\/uinavigationcontroller\/setupnavigationcolor()","title":"func setupNavigationColor()","type":"method"}],"path":"\/documentation\/presentationexam\/uikit\/uinavigationcontroller","title":"UINavigationController","type":"extension"}],"path":"\/documentation\/presentationexam\/uikit","title":"UIKit","type":"extension"}],"path":"\/documentation\/presentationexam","title":"PresentationExam","type":"module"}]},"schemaVersion":{"major":0,"minor":1,"patch":1}}